TDSFU Daily run: Thu Oct 23 18:19:37 UTC 2025 TDSFU
TDSFU Daily run: Fri Oct 24 04:35:29 UTC 2025 TDSFU
TDSFU Daily run: Sat Oct 25 04:34:43 UTC 2025 TDSFU
TDSFU Daily run: Sun Oct 26 04:34:16 UTC 2025 TDSFU
TDSFU Daily run: Mon Oct 27 04:43:35 UTC 2025 TDSFU
TDSFU Daily run: Tue Oct 28 04:36:54 UTC 2025 TDSFU
TDSFU Daily run: Wed Oct 29 04:42:12 UTC 2025 TDSFU
TDSFU Daily run: Thu Oct 30 04:36:04 UTC 2025 TDSFU
TDSFU Daily run: Fri Oct 31 04:41:44 UTC 2025 TDSFU
TDSFU Daily run: Sat Nov  1 04:34:10 UTC 2025 TDSFU
TDSFU Daily run: Sun Nov  2 04:37:07 UTC 2025 TDSFU
TDSFU Daily run: Mon Nov  3 04:42:57 UTC 2025 TDSFU
TDSFU Daily run: Tue Nov  4 04:37:14 UTC 2025 TDSFU
TDSFU Daily run: Wed Nov  5 04:37:55 UTC 2025 TDSFU
